SPAR MARKITING LPO DATA ,,,,,,,,,,,,,,,,,,,,,,,
NO,,LPO Number ,company name ,Qutation numbr,finance ,Receved  ,invoice ,date ,receved  ,refrance number ,Items,Tawar ,03 mall ,Bsquare mall ,Almana ,Porto ,QQ,aljazzera ,head Office ,All Stores,Others,,
154,,4346,GrYp Printing ,3595,shazni ,26/01/2023,done ,shazni ,,154-GrYp Printing 4346-3595-shazni 44952,,"1,450",350,,,,200,,,,,,
155,,4347,GrYp Printing ,3619,shazni ,04/02/2023,done ,shazni ,,155-GrYp Printing 4347-3619-shazni 44961,BRANDING REMOVAL + REBRANDING,,"3,870",,450,"1,750",,,,,,,
156,,4348,Orizon Production Studio,132016,shazni ,07/02/2024,done ,shazni ,,156-Orizon Production Studio4348-132016-shazni 45329,Videography,,,,,,,,"2,000",,,,
157,,4349,Aldar Printing ,2302001,shazni ,09/02/2023,,shazni ,,157-Aldar Printing 4349-2302001-shazni 44966,GYM VOUCHER SPAR,,,,,,,,,"2,000",,,
158,,4350,Aldar Printing ,2302002,shazni ,12/02/2023,,shazni ,,158-Aldar Printing 4350-2302002-shazni 44969,Card ( Whatsapp Printing ),,375,,375,375,375,,,,,,
159,,4351,GrYp Printing ,3647,shazni ,15/02/2023,done ,shazni ,,159-GrYp Printing 4351-3647-shazni 44972,PRINTING  INFORMATION DESK  TAWAR Mall,200,,,,,,,,,,,
160,,4367,Margins,39,shazni ,20/02/2023,done ,shazni ,,160-Margins4367-39-shazni 44977,Sticker Printing + Installation,,,,,,"4,700",,,,,,
161,,4368,Speed line ,QT/23-0004488,shazni ,25/02/2023,,shazni ,,161-Speed line 4368-QT/23-0004488-shazni 44982,Scurity Sleeves,"6,195",,,,,,,,,,,
162,,4369,Speed line ,QT/23-0004487,shazni ,25/02/2023,,shazni ,,162-Speed line 4369-QT/23-0004487-shazni 44982,DANGLERS,"14,000",,,,,,,,,,,
163,,4370,Orizon Production Studio,2877,shazni ,26/03/2023,,shazni ,,163-Orizon Production Studio4370-2877-shazni 45011, Video in Store For Ramadan 2023,,,,,,,,,"5,509",,,
164,,4371,Orizon Production Studio,132016,shazni ,01/03/2023,,shazni ,,164-Orizon Production Studio4371-132016-shazni 44986,Videography Up to 59 Seconds,,,,,,,,,"8,400",,,
165,,4372,Orizon Production Studio,132016,shazni ,01/03/2023,done ,shazni ,,165-Orizon Production Studio4372-132016-shazni 44986,Videography,,,,,,,,,"10,000",,,
166,,4373,GrYp Printing ,3691,shazni ,02/03/2023,done ,shazni ,,166-GrYp Printing 4373-3691-shazni 44987,BRANDING (ARCH BRANDING IN 03 MALL SPAR),,"1,600",,,,,,,,,,
167,,4374,Margins,MTS- 2023 - 049,shazni ,07/03/2023,done ,shazni ,,167-Margins4374-MTS- 2023 - 049-shazni 44992,Divider / Gondola side,"6,964",700,700,,,,,,,,,
168,,4375,Aldar Printing ,2303003,shazni ,06/03/2023,,shazni ,,168-Aldar Printing 4375-2303003-shazni 44991,Pizza & Coffe Voucher SPAR / Door hanger Ramadan,,,,,,,,,"8,500",,,
169,,4376,GrYp Printing ,3679,shazni ,08/03/2023,done ,shazni ,,169-GrYp Printing 4376-3679-shazni 44993,ARCH BRANDING IN TAWAR MALL Ramadan Gate,"3,800",,,,,,,,,,,
170,,4414,imprimoqatar,QT_IT_090323_01,shazni ,09/03/2023,done ,shazni ,,170-imprimoqatar4414-QT_IT_090323_01-shazni 44994,Ramadan box Rollup with stand / country flags,,,,,,,,,"1,740",,,
171,,4415,M&M,SP-SMS150323-1,shazni ,15/03/2023,done ,shazni ,,171-M&M4415-SP-SMS150323-1-shazni 45000,BULK SMS,,,,,,,,,"10,000",,,
172,,4416,Al waraq,EST/88034,shazni ,15/03/2023,,shazni ,,172-Al waraq4416-EST/88034-shazni 45000,TAG,,,,,,,,,"1,550",,,
173,,4417,Margins,MTS - 2023 - 053,shazni ,20/03/2023,,shazni ,,173-Margins4417-MTS - 2023 - 053-shazni 45005,Business Card,,,,,,,,,,2200,HR,
174,,4418,Margins,MTS - 2023 - 058,shazni ,22/03/2023,done ,shazni ,,174-Margins4418-MTS - 2023 - 058-shazni 45007,Printing,"5,065",,,,,,,,,,,
175,,4419,Margins,MTS - 2023 - 054,shazni ,20/03/2023,done ,shazni ,,175-Margins4419-MTS - 2023 - 054-shazni 45005,Printing,,,,,,,,,,2835,operation,
176,,4420,Margins,MTS - 2023 - 060,shazni ,23/03/2023,,shazni ,,176-Margins4420-MTS - 2023 - 060-shazni 45008,Stickers Outdoor/AL Jazeera branch,,,,,,,,,,6087,operation,
177,,4421,Margins,MTS - 2023 - 064,shazni ,02/04/2023,,shazni ,,177-Margins4421-MTS - 2023 - 064-shazni 45018,Printing Stickers (AL Jazeera branch ),,,,,,,"1,514",,,,,
178,,4422,GrYp Printing ,3773,shazni ,02/04/2023,done ,shazni ,,178-GrYp Printing 4422-3773-shazni 45018,PRINTING & BRANDING / Tawar Mall Pallet,,,,,,,,,,6900,Tawar Mall Managemen,
179,,4423,Margins,MTS - 2023 - 069,shazni ,04/04/2023,,shazni ,,179-Margins4423-MTS - 2023 - 069-shazni 45020,Printing Stickers (AL Jazeera branch ),,,,,,,"3,149",,,,,
180,,4449,Margins,MTS - 2023 - 072,shazni ,08/04/2023,,shazni ,,180-Margins4449-MTS - 2023 - 072-shazni 45024,Printing Stickers & Logo laser Cut (AL Jazeera branch ),,,,,,,"1,600",,,,,
181,,4450,Margins,MTS - 2023 - 073,shazni ,08/04/2023,,shazni ,,181-Margins4450-MTS - 2023 - 073-shazni 45024,Outdoor glass branding Digital printing on fabric (AL Jazeera branch ),,,,,,,"7,000",,,,,
182,,4451,,,,,,,,182-4451--,TARIK FIHI,,,,,,,,,,,,
183,,4452,GrYp Printing ,3806,shazni ,12/04/2023,done ,shazni ,,183-GrYp Printing 4452-3806-shazni 45028,BRANDING V&F Pallet SPAR Tawar Mall,,,,,,,,,,3950,V&F,"17,453"
184,,4453,Speed line ,QT/23-0008192,shazni ,15/04/2023,,shazni ,,184-Speed line 4453-QT/23-0008192-shazni 45031,Scurity sleeves Replacment Tawar Mall,"3,150",,,,,,,,,,,
185,,4454,Margins,MTS - 2023 - 078,shazni ,15/04/2023,,shazni ,,185-Margins4454-MTS - 2023 - 078-shazni 45031,Frosted Spar Fish Door Tawar Mall Frosted,"1,040",,,,,,,,,,,
186,,4455,Margins,MTS - 2023 - 079,shazni ,17/04/2023,,shazni ,,186-Margins4455-MTS - 2023 - 079-shazni 45033,Gondola side Tawar Mall,"6,264",,,,,,,,,,,
187,,4456,Margins,MTS - 2023 - 080,shazni ,18/04/2023,,shazni ,,187-Margins4456-MTS - 2023 - 080-shazni 45034,Printing A4 Price Buster,,,,,,,,,,2160,Tawar Mall Managemen,
188,,4457,Margins,MTS - 2023 - 081,shazni ,18/04/2023,,shazni ,,188-Margins4457-MTS - 2023 - 081-shazni 45034,Frosted Spar Fish Door Tawar Mall Frosted,"1,040",,,,,,,,,,,
189,,4458,GrYp Printing ,3824,shazni ,20/04/2023,done ,shazni ,,189-GrYp Printing 4458-3824-shazni 45036,(RAMADAN GATE REMOVAL - TAWAR MALL AND 03 MALL ),500,250,,,,,,,,,,
190,,4468,Margins,MTS - 2023 - 087,shazni ,30/04/2023,,shazni ,,190-Margins4468-MTS - 2023 - 087-shazni 45046,Gondola side Summer Time,"6,264",,,,,,,,,,,
191,,4469,SPOT Media ,50882/118,shazni ,07/05/2023,,shazni ,,191-SPOT Media 4469-50882/118-shazni 45053,3mm forex Sticker + Removal Sticker Gate,120,,,300,,,,,,,,
192,,4470,Margins,MTS - 2023 - 098,shazni ,22/05/2023,,shazni ,,192-Margins4470-MTS - 2023 - 098-shazni 45068,TAG A4 Paper Printing,,,,,,,,,"2,160",,,
193,,4471,Margins,MTS - 2023 - 102,shazni ,25/05/2023,,shazni ,,193-Margins4471-MTS - 2023 - 102-shazni 45071,Stickers Scale counter table,,,,,551,,,,,,,
194,,4472,Margins,"MTS - 2023 - 105,106,107",shazni ,29/05/2023,,shazni ,,"194-Margins4472-MTS - 2023 - 105,106,107-shazni 45075",Bakery Stickers / Fridge mirror stickers/ Gift Box Voucher,595,,,,,,350,,,,,
195,,4473,SPOT Media ,50990/118,shazni ,30/05/2023,,shazni ,,195-SPOT Media 4473-50990/118-shazni 45076,WEIGHING COUNTER/DIVIDER/BASKET BARNDING/BASKET BARNDING,,"5,994",,,,,,,,,,
196,,4474,Margins,MTS - 2023 - 125,shazni ,08/06/2023,,shazni ,,196-Margins4474-MTS - 2023 - 125-shazni 45085,Printing: fish Table/timing sticker - acrylic with sticker ,,,,,,,"1,090",,,,,
197,,4475,Margins,MTS - 2023 - 110,shazni ,08/06/2023,,shazni ,,197-Margins4475-MTS - 2023 - 110-shazni 45085,Printing of dangler flags,,750,,,,,,,,,,
198,,4476,Margins,MTS- 2023-130 Rev.1,shazni ,15/06/2023,,shazni ,,198-Margins4476-MTS- 2023-130 Rev.1-shazni 45092,AL Jazeer Branch Grand Oppining,,,,,,,"25,000",,,,,
199,,4477,Margins,MTS- 2023- 132 Rev.1,shazni ,15/06/2023,,shazni ,,199-Margins4477-MTS- 2023- 132 Rev.1-shazni 45092,Stickers For Al MANA,,,,"7,500",,,,,,,,
200,,4550,The Yellow Gift Shop,TYTE/Q0612/23r1,shazni ,17/06/2023,,shazni ,,200-The Yellow Gift Shop4550-TYTE/Q0612/23r1-shazni 45094,Balloons For Al Jazeera Branch Grand Opening,,,,,,,"2,156",,,,,
201,,4551,Margins,MTS - 2023 - 136,shazni ,17/06/2023,,shazni ,,201-Margins4551-MTS - 2023 - 136-shazni 45094,Flags - Printing,,,,,,,"5,575",,,,,
202,,4552,Apexqatar,EQ8156,shazni ,17/06/2023,,shazni ,,202-Apexqatar4552-EQ8156-shazni 45094,Hostess and GahwaService,,,,,,,"2,100",,,,,
203,,4553,SPOT Media ,60072/118,shazni ,17/06/2023,,shazni ,,203-SPOT Media 4553-60072/118-shazni 45094, Acrylic - DIVIDER for Al Jazeera  F&V,"7,440",,,,,,,,,,,
204,,4554,What's Goin On Qatar,1223,shazni ,18/06/2023,,shazni ,,204-What's Goin On Qatar4554-1223-shazni 45095,SUPREME/ REEL AD / 1X SINGLE VIDEO POST & STORY,,,,,,,"3,000",,,,,
205,,4555,SPOT Media ,60078/118,shazni ,18/06/2023,,shazni ,,205-SPOT Media 4555-60078/118-shazni 45095,DIVIDERS Tawar Mall,"1,280",,,,,,,,,,,
206,,4556,Margins,MTS - 2023 - 138,shazni ,18/06/2023,,shazni ,,206-Margins4556-MTS - 2023 - 138-shazni 45095,Rental of golden vip barricades Al Jazeera Branch Grand Opening,,,,,,,750,,,,,
207,,4557,Margins,MTS - 2023 - 139,shazni ,18/06/2023,,shazni ,,207-Margins4557-MTS - 2023 - 139-shazni 45095,Sticker Branding For Freezer ,,,,,270,455,,,,,,
208,,4558,Margins,MTS - 2023 - 140,shazni ,18/06/2023,,shazni ,,208-Margins4558-MTS - 2023 - 140-shazni 45095,Printing fabric material ,650,,,,,,,,,,,
209,,4559,GrYp Printing ,3978,shazni ,19/06/2023,,shazni ,,209-GrYp Printing 4559-3978-shazni 45096,PRINTING Flags F&V Tawar ,"1,960",,,,,,,,,,,
210,,4560,GrYp Printing ,3986,shazni ,19/06/2023,,shazni ,,210-GrYp Printing 4560-3986-shazni 45096,DANGLERS  for Al Jazeera  Grand Opening,,,,,,,375,,,,,
211,,4561,GrYp Printing ,3998,shazni ,22/06/2023,,shazni ,,211-GrYp Printing 4561-3998-shazni 45099,Gate ARCH BRANDING IN 03 MALL SPAR Eid Al Adha ,,"1,800",,,,,,,,,,
212,,4562,GrYp Printing ,4015,shazni ,03/07/2023,,shazni ,,212-GrYp Printing 4562-4015-shazni 45110,Gate ARCH BRANDING IN TAWAR MALL SPAR Eid Al Adha ,"2,100",,,,,,,,,,,
213,,4563,Dekitate Sweets and Pastries,DSP/2023/6/15,Helvin,21/06/2023,,Helvin,,213-Dekitate Sweets and Pastries4563-DSP/2023/6/15-Helvin45098,Sweets For Al Jazeera Opening,,,,,,,"6,500",,,,,
214,,4564,GrYp Printing ,4029,Helvin,10/07/2023,,Helvin,,214-GrYp Printing 4564-4029-Helvin45117,Pallets Printing For All Stores,,,,,,,,,"6,660",,,
215,,4565,GrYp Printing ,4095,Helvin,03/08/2023,,Helvin,,215-GrYp Printing 4565-4095-shazni 45141,Branding for Back To School Tawar - B Square -03 -  QQ,,,,,,,,,"5,900",,,
216,,4566,Margins, MTS - 2023 - 0155,Helvin,03/08/2023,,Helvin,,216-Margins4566- MTS - 2023 - 0155-shazni 45141,Printing Stickers & Logo laser Cut (AL Jazeera branch ),,,,,,,"6,400",,,,,
217,,4567,Margins,MTS - 2023 - 153,Helvin,03/08/2023,,Helvin,,217-Margins4567-MTS - 2023 - 153-shazni 45141,A4 Tag Price papers 4colore,720,720,720,,,,,,,,,
218,,4568,Margins,MTS - 2023 - 151,Helvin,03/08/2023,,Helvin,,218-Margins4568-MTS - 2023 - 151-shazni 45141,Printing of indoor glass sticker Size 300x140cm HMR,900,,,,,,,,,,,
219,,4569,SPOT Media ,60240/118,Helvin,03/08/2023,,Helvin,,219-SPOT Media 4569-60240/118-shazni 45141,Danglars back to school,"2,000","2,000","2,000",,,,,,,,,
220,,4618,Qabayan Radio ,QB/5222/DTG R1,Helvin,12/08/2023,,Helvin,,220-Qabayan Radio 4618-QB/5222/DTG R1-Helvin45150,Advertising Proposal for Spar Hypermarket Radio,,,,,,,,,"3,380",,,
221,,4619,Al waraq,EST/92428,Helvin,12/08/2023,,Helvin,,221-Al waraq4619-EST/92428-Helvin45150,Printing Leaflet Back to school ,,,,,,,,,"4,300",,,
222,,4620,D4d,2308-365468,Helvin,12/08/2023,,Helvin,,222-D4d4620-2308-365468-Helvin45150,Distribution of flyer Back To school,,,,,,,,,"6,000",,,
223,,4621,BRQIA,BRQ000013082023,Helvin,13/08/2023,,Helvin,,223-BRQIA4621-BRQ000013082023-Helvin45151,SMS,,,,,,,,,"2,000",,,
224,,4622,Margins,MTS - 2023 - 0163,Helvin,10/08/2023,,Helvin,,224-Margins4622-MTS - 2023 - 0163-Helvin45148,Back to school flyer Size:A4,,,,,,,,,950,,,
225,,4623,GrYp Printing ,4121,Helvin,12/08/2023,,Helvin,,225-GrYp Printing 4623-4121-Helvin45150,FOAM BOARD STANDE,"1,110",370,370,,,,,,,,,
226,,4624,Margins,MTS - 2023 - 0174,Helvin,22/08/2023,,Helvin,,226-Margins4624-MTS - 2023 - 0174-Helvin45160,Self Payment Machine ( Fast Track ) Sticker,,,,221,,,,,,,,
227,,4625,GrYp Printing ,4153,Helvin,26/08/2023,,Helvin,,227-GrYp Printing 4625-4153-Helvin45164,PRINTING (INFORMATION DESK) FRONT SIDE ,300,,,,,,,,,,,
228,,4626,Al waraq,"EST/93132,EST/93131,EST/93130",Helvin,28/08/2023,,Helvin,,"228-Al waraq4626-EST/93132,EST/93131,EST/93130-Helvin45166"," VOUCHERS ( 20,50,100) QAR",,,,,,,,"3,000",,,FAINANCE,
229,,4627,Hursh Media,23-0927,Helvin,02-Sep-23,,Helvin,,229-Hursh Media4627-23-0927-Helvin45171,Signage ,"1,900",,,,,,,,,,Operation,
230,,4646,Hursh Media,23-0947,Helvin,05/09/2023,,Helvin,,230-Hursh Media4646-23-0947-Helvin45174,Branding Tawar Mall ( Bulk Sales ),700,,,,,,,,,,Operation,
231,,4647,What's Goin On Qatar,1482,Helvin,05/09/2023,,Helvin,,231-What's Goin On Qatar4647-1482-Helvin45174,South African Product,"4,000",,,,,,,,,,,
232,,4648,SPOT Media ,60442/118,Helvin,05/09/2023,,Helvin,,232-SPOT Media 4648-60442/118-Helvin45174,WOBBLERS ( Shelf Talker ) Flags,"1,300",,,,,,,,,,Operation,
233,,4649,al sharq ,3488,Helvin,07/09/2023,,Helvin,,233-al sharq 4649-3488-Helvin45176,Announcement of the visit of the South African Ambassador to SPAR Tawar Mall,"2,500",,,,,,,,,,,
234,,4650,GULF Publishing,464,Helvin,07/09/2023,,Helvin,,234-GULF Puplishing4650-464-Helvin45176,Announcement of the visit of the South African Ambassador to SPAR Tawar Mall,"2,500",,,,,,,,,,,
235,,4651,SPOT Media ,60387/118,Helvin,27/08/2023,,Helvin,,235-SPOT Media 4651-60387/118-Helvin45165, printing shelf  wobblers qatar products ,,,,,,,,,696,,Operation,
236,,4652,Margins,MTS - 2023 - 0190,Helvin,09/09/2023,,Helvin,,236-Margins4652-MTS - 2023 - 0190-Helvin45178,South Africa Branding,"8,000",,,,,,,,,,Operation,
237,,4653,Margins,MTS - 2023 - 0196,Helvin,09/09/2023,,Helvin,,237-Margins4653-MTS - 2023 - 0196-Helvin45178,Spar Sponsorship Roll up Stands,"1,000",,,,,,,,,,,
238,,4654,Hursh Media,23-0964,Helvin,10/09/2023,,Helvin,,238-Hursh Media4654-23-0964-Helvin45179,Branding Tawar Mall ( Bulk Sales ),"1,750",,,,,,,,,,Operation,
239,,4655,Margins,MTS - 2023 - 0202,Helvin,13/09/2023,,Helvin,,239-Margins4655-MTS - 2023 - 0202-Helvin45182a,Special Offer (Gandola Side,720,,,,,,,,,,Operation,
240,,4670,UDC,232-ELSF-RD,Helvin,18/09/2023,,Helvin,,240-UDC4670-232-ELSF-RD-Helvin45187,Renew the External Signage License ,,,,,600,,,,,,Operation,
241,,4671,BRQIA,BRQ000007092023,Helvin,23/09/2023,,Helvin,,241-BRQIA4671-BRQ000007092023-Helvin45192,SMS,,,,,,,,,"2,000",,,
242,,4672,Margins,MTS-2023 -0218,Helvin,23/09/2023,,Helvin,,242-Margins4672-MTS-2023 -0218-Helvin45192,Flags -Roll Up- Printing,,,,,,,,,"1,445",,,
243,,4673,The Yellow Gift Shop,TYTE/Q0915/23,Helvin,25/09/2023,,Helvin,,243-The Yellow Gift Shop4673-TYTE/Q0915/23-Helvin45194,Balloons For Southafrican Tawar Mall,924.8,,,,,,,,,,,
244,,4674,Harsh Media,23-01071,Helvin,02/10/2023,,Helvin,,244-Harsh Media4674-23-01071-Helvin45201,Card ( Whatsapp QR Code Printing ),,,,,,,,,"2,100",,,
245,,4675,Al waraq,EST/94465,Helvin,04/010/2023,,Helvin,,245-Al waraq4675-EST/94465-Helvin04/010/2023,Printing Flyer SPAR VALUE DEALS  2023,,,,,,,,,"1,000",,Operation,
246,,4676,LineArt Printing,2023/038,Helvin,08/10/2023,,Helvin,,246-LineArt Printing4676-2023/038-Helvin45207,Sparoo Express delivery card,,,,,,,225,,,,,
247,,4677,SPOT Media ,60617/118,Helvin,08/10/2023,,Helvin,,247-SPOT Media 4677-60617/118-Helvin45207,WOBBLERS Qatari Products,,,,,,,,,870,,,
248,,4678,Al waraq,EST/94574,Helvin,09/10/2023,,Helvin,,248-Al waraq4678-EST/94574-Helvin45208,VOUCHER 10QAR,,,,,,,,,"1,700",,,
249,,4679,Al waraq,EST/94634,Helvin,11/10/2023,,Helvin,,249-Al waraq4679-EST/94634-Helvin45210,Printing Flyer SPAR 5-10-15-20 DEALS OCT 2023,,,,,,,,,"1,000",,,
250,,4704,Margins,MTS - 2023 - 0233,Helvin,11/10/2023,,Helvin,,250-Margins4704-MTS - 2023 - 0233-Helvin45210,Printing Stickers for refrigerator SPAR Tawar & 03 ,541,,,,,,,,,,,
251,,4705,Margins,MTS -2023 -0238Rev.1,Helvin,15/10/2023,,Helvin,,251-Margins4705-MTS -2023 -0238Rev.1-Helvin45214,Wobbler & A4 Papers for Qatar Cancer Society ,,,,,,,,,"1,100",,,
252,,4706,Al waraq,EST/94817,Helvin,16/10/2023,,Helvin,,252-Al waraq4706-EST/94817-Helvin45215,A4 Paper Special Offer For shelf ,,,,,,,,,750,,,
253,,4707,Margins,MTS - 2023 - 0244,Helvin,19/10/2023,,Helvin,,253-Margins4707-MTS - 2023 - 0244-Helvin45218,Printing of banner for grand bazar,860,,,,,,,,,,,
254,,4708,Margins,MTS - 2023 - 0253,Helvin,29/10/2023,,Helvin,,254-Margins4708-MTS - 2023 - 0253-Helvin45228,TAG A4 Paper Printing,,,,,,,,,"2,160",,,
255,,4709,Margins,MTS -2023-0271Rev.2,Helvin,05/11/2023,,Helvin,,255-Margins4709-MTS -2023-0271Rev.2-Helvin45235,"Gondola sides 		",4500,,,,,,,,,,,
256,,4710,CITY MEDIA ,Qu 2023 - 01104,Helvin,05/11/2023,,Helvin,,256-CITY MEDIA 4710-Qu 2023 - 01104-Helvin45235,Dangler 120 x 90 cm,850,,,,,,,,4400,,,
257,,4711,CITY MEDIA ,Qu 2023 - 01111,Helvin,14/11/2023,,Helvin,,257-CITY MEDIA 4711-Qu 2023 - 01111-Helvin45244,Danglers for SPAR Anniversary 6 All Branches,,,,,,,,,,,,
258,,4712,Best Occasion ,174788,Helvin,14/11/2023,,Helvin,,258-Best Occasion 4712-174788-Helvin45244,Balloon Arch and Face Painting For SPAR Anniversary,2600,800,,,450,,,,,,,
259,,4713,WOW GIFTS DOHA,733,Helvin,15/11/2023,,Helvin,,259-WOW GIFTS DOHA4713-733-Helvin45245,Kids Event  at SPAR Porto Arabia- Tawar Mall,1700,,,,1700,,,,,,,
260,,4763,Al waraq,EST/85354,Helvin,16/11/2023,,Helvin,,260-Al waraq4763-EST/85354-Helvin45246,Printing Flyer SPAR Anniversary6 wave1 2023,,,,,,,,,900,,,
261,,4764,SPOT Media ,60392/118,Helvin,27/08/2023,,Helvin,,261-SPOT Media 4764-60392/118-Helvin45165,HANGING ACRYLIC For SPAR Tawar Mall,2890,,,,,,,,,,,
262,,4765,BRQIA, BRQ000015112023,Helvin,16/11/2023,,Helvin,,262-BRQIA4765- BRQ000015112023-Helvin45246,SMS,,,,,,,,,4000,,,
263,,4766,CITY MEDIA ,Qu 2023 - 01119,Helvin,19/11/2023,,Helvin,,263-CITY MEDIA 4766-Qu 2023 - 01119-Helvin45249,Danglers for SPAR Anniversary 6 All Branches,880,,,,,,,,,,,
264,,4767,Margins,MTS - 2023 - 0283,Helvin,20/11/2023,,Helvin,,264-Margins4767-MTS - 2023 - 0283-Helvin45250,Printing of security gate branding for SPAr Tawr Mall,2808,,,,,,,,,,,
265,,4771,SPOT Media ,60860/118,Helvin,21/11/2023,,Helvin,,265-SPOT Media 4771-60860/118-Helvin45251,WOBBLERS Qatari Products New,,,,,,,,,850,,,
266,,4772,Margins,MTS -2023-0265 Rev.1,Helvin,27/11/2023,,Helvin,,266-Margins4772-MTS -2023-0265 Rev.1-Helvin45257, flags - golden stanches - red carpet for car,2400,,,,,,,,,,,
267,,4773,al sharq ,8,Helvin,27/11/2023,,Helvin,,267-al sharq 4773-8-Helvin45257,Extra Coupons Of Al Sharq Shopping Festival,,,,,,,,,13000,,,
268,,4774,CITY MEDIA ,Qu 2023 - 01125,Helvin,28/11/2023,,Helvin,,268-CITY MEDIA 4774-Qu 2023 - 01125-Helvin45258,Branding for Qatari Products,2232,,,,,,,,,,,
269,,4775,WOW GIFTS DOHA,983,Helvin,30/11/2023,,Helvin,,269-WOW GIFTS DOHA4775-983-Helvin45260,Kids Event  at SPAR QQ 01/12/2023,,,,,,1600,,,,,,
270,,4785,al sharq ,172,Helvin,14/12/2023,,Helvin,,270-al sharq 4785-172-Helvin45274,Extra Coupons Of Al Sharq Shopping Festival,,,,,,,,,20000,,,
271,,4786,CITY MEDIA ,QT 0023,Helvin,14/01/2024,,Helvin,,271-CITY MEDIA 4786-QT 0023-Helvin45305,"Printing banner for  Basket T-Shirt Tawar +
 PRINTING ROLL UP BANNER WITH STAND FOR PIZZA QQ",300,,,,,130,,,,,,
272,,4787,SIGNPLUS,QTN1001202403,Helvin,22/01/2024,,Helvin,,272-SIGNPLUS4787-QTN1001202403-Helvin45313,Hanging Rode With Frames,1050,,,,,,,,,,,
273,,4788,Margins,MTS-2024-0037Rev.1,Fathoon,24/01/2024,,Fathoon,,273-Margins4788-MTS-2024-0037Rev.1-Fathoon45315,Sticker on the Glass SPAR QQ / A4 Tag Price papers 4colore,2000,,,,,2500,,,,,,
274,,4789,CITY MEDIA ,QT 0035,Helvin,05/02/2024,,Helvin,,274-CITY MEDIA 4789-QT 0035-Helvin45327,Frosted office GLASS / Reception LOGO,,,,,,,,8040,,,,
275,,4868,Margins,MTS - 2024 - 0082,Helvin,19/02/2024,,Helvin,,275-Margins4868-MTS - 2024 - 0082-Helvin45341,Printing  Ramadan Gondola sides + security gate,4305,,,,,,,,,,,
276,,4869,Margins,MTS - 2024 - 0095,Helvin,25/02/2024,,Helvin,,276-Margins4869-MTS - 2024 - 0095-Helvin45347,Filipino Products Wobbler,383.5,383.5,,,,,383,,,,,
277,,4870,GrYp Printing ,4554,Helvin,28/02/2024,,Helvin,,277-GrYp Printing 4870-4554-Helvin45350,ARCH BRANDING IN TAWAR MALL & 03 + Fishrey Sticker 03,2200,2500,,,,,,,,,,
278,,4871,CITY MEDIA ,QT 0060,Helvin,03/02/2024,,Helvin,,278-CITY MEDIA 4871-QT 0060-Helvin45325,PRINTING ON PVC BANNER FOR RAMADAN KAREEM,"2,563",1968,,,,,,,,,,
279,,4872,CITY MEDIA ,QT 0051,Helvin,18/02/2024,,Helvin,,279-CITY MEDIA 4872-QT 0051-Helvin45340,PRINTING DANGLER FOR SPAR - RAMADAN KAREEM,,,,,,,,,6600,,,
280,,4903,CITY MEDIA ,QT 0061,Helvin,03/02/2024,,Helvin,,280-CITY MEDIA 4903-QT 0061-Helvin45325,ACRYLIC SIGNAGE ON DOOR,,,,,,,,471,760,,,
281,,4904,Margins,MTS - 2024 - 0110,Helvin,08/03/2024,,Helvin,,281-Margins4904-MTS - 2024 - 0110-Helvin45359,Printing Stickers Glass For SPAR Tawar Mall Nandos,1250,,,,,,,,,,,
282,,4905,What's Goin On Qatar,2048,Helvin,11/03/2024,,Helvin,,282-What's Goin On Qatar4905-2048-Helvin45362,Ramadan Kareem Videos and Reels,4000,,,,,,,,,,,
283,,4906,Margins,MTS - 2024 - 0114,Helvin,13/03/2024,,Helvin,,283-Margins4906-MTS - 2024 - 0114-Helvin45364,Printing it shelf talkers Qty: 4000Pcs,,,,,,,,,"1,560",,,
284,,4907,Best Occasion ,149,Helvin,14/03/2024,,Helvin,,284-Best Occasion 4907-149-Helvin45365,Kids Event ( Face Penting/ Speaker/ Balloon Service),,,,,,850,,,,,,
285,,4918,Best Occasion ,151,Helvin,14/03/2024,,Helvin,,285-Best Occasion 4918-151-Helvin45365,Kids Event ,700,,,,,,,,,,,
286,,4919,Best Occasion ,148,Helvin,14/03/2024,,Helvin,,286-Best Occasion 4919-148-Helvin45365,Kids Event (Face Penting / Speaker ),,,,,650,,,,,,,
287,,4920,Best Occasion ,150,Helvin,14/03/2024,,Helvin,,287-Best Occasion 4920-150-Helvin45365,Kids Event (Face Penting),,450,,,,,,,,,,
288,,4921,Margins,MTS - 2024 - 0116,Helvin,14/03/2024,,Helvin,,288-Margins4921-MTS - 2024 - 0116-Helvin45365,WhatsApp QR Code,,,,,,,,,2000,,,
289,,4922,Margins,MTS - 2024 - 0118,Helvin,21/03/2024,,Helvin,,289-Margins4922-MTS - 2024 - 0118-Helvin45372,Printing of matt sticker with matt lamination and installation,,,,2415,,,,,,,,
290,,4923,Margins,MTS - 2024 - 0127,Helvin,16/04/2024,,Helvin,,290-Margins4923-MTS - 2024 - 0127-Helvin45398,TAG A4 Offer Paper 21.00 X 29.70,,,,,,,,,2160,,,
291,,4924,Margins,MTS - 2024 - 0126,Helvin,18/04/2024,,Helvin,,291-Margins4924-MTS - 2024 - 0126-Helvin45400,SPAR IFTAR PARTY / Fresh Fruit Printing ,540,,,,,,,,,,,
292,,4925,SPOT Media ,70776/118,Helvin,18/04/2024,,Helvin,,292-SPOT Media 4925-70776/118-Helvin45400,Kill The Price Branding,1241,,,,,,,,,,,
293,,4926,SPOT Media ,70792/118,Helvin,22/04/2024,,Helvin,,293-SPOT Media 4926-70792/118-Helvin45404,DIVIDER,,1350,,,,,,,,,,
294,,4927,SPOT Media ,70798/118,Helvin,24/04/2024,,Helvin,,294-SPOT Media 4927-70798/118-Helvin45406,DANGLERS/BASE STICKER/ARROW/STAND STICKER,734,,,,,,,,,,,
295,,4986,Margins,MTS - 2024 - 0136,Helvin,27/04/2024,,Helvin,,295-Margins4986-MTS - 2024 - 0136-Helvin45409,Manufacturing of podium,2100,,,,,,,,,,,
296,,4987,SIGNPLUS,QTN2304202403,Helvin,23/04/2024,,Helvin,,296-SIGNPLUS4987-QTN2304202403-Helvin45405,PRICE HANGING ROD,3700,,,,,,,,,,,
297,,4988,CITY MEDIA ,QT 0099,Helvin,24/04/2024,,Helvin,,297-CITY MEDIA 4988-QT 0099-Helvin45406,DIGITAL PRINTING ON PVC BANNER FOR SPECIAL OFFER,"4,104",,,,,,,,,,,
298,,4989,Al waraq,EST/101148-R1,Helvin,13/05/2024,,Helvin,,298-Al waraq4989-EST/101148-R1-Helvin45425,VOUCHER - 100 Sheets 10%  ( 100qar ),,,,,,,,,2000,,,
299,,4990,CITY MEDIA ,QT 0102,Helvin,05/04/2024,,Helvin,,299-CITY MEDIA 4990-QT 0102-Helvin45387,PRINTING ON PVC BANNER FOR VEGETABLE SECTION,,550,,,,,,220,,,,
300,,4991,SIGNPLUS,QTN2304202403,Helvin,23/04/2024,,Helvin,,300-SIGNPLUS4991-QTN2304202403-Helvin45405,PRICE HANGING ROD,1300,,,,,,,,,,,
301,,4992,SIGNPLUS,QTN1205202403,Helvin,12/05/2024,,Helvin,,301-SIGNPLUS4992-QTN1205202403-Helvin45424,3D LOGO (OUTDOOR),,,,,,1500,,,,,,
302,,4993,Al waraq,"EST/101455,EST/101409",Helvin,22/05/2024,,Helvin,,"302-Al waraq4993-EST/101455,EST/101409-Helvin5/22/2024",SPAR DOOR HANGER-(Sparoo Express Delivery) PRINT TOGETHER,,,,675,675,675,675,,,,,
303,,4994,PRO 8,191/2024,Helvin,24/05/2024,,Helvin,,303-PRO 84994-191/2024-Helvin45436,Short video reel size,1000,,,,,,,,,,,
304,,4995,TALWEEN ADVERTISING,24 - 273,Helvin,05/06/2024,,Helvin,,304-TALWEEN ADVERTISING4995-24 - 273-Helvin45448,Forex Sticker Lamb Eid AL Adha,416.5,333.5,,,,,,,,,,
305,,5018,TALWEEN ADVERTISING,24 - 271,Helvin,02/06/2024,,Helvin,,305-TALWEEN ADVERTISING5018-24 - 271-Helvin45445,CAHIER STAND RED ACRYLIC WITH 3 SIDES UV PRINTED,,,,,,,,,625,,,
306,,5019,WOW GIFTS DOHA,1309,Helvin,12/06/2024,,Helvin,,306-WOW GIFTS DOHA5019-1309-Helvin45455,EID AL ADHA Kids Event  at SPAR 03 17/06/2024,,1800,,,,,,,,,,
307,,5020,Margins,MTS - 2024 - 0169,Helvin,06/06/2024,,Helvin,,307-Margins5020-MTS - 2024 - 0169-Helvin45449,Foamboard Printing Online Delivery,380,,,,,,,,,,,
308,,5021,Best Occasion ,R113,Helvin,22/06/2024,,Helvin,,308-Best Occasion 5021-R113-Helvin45456,Face painting-Henna lady-Balloonman in clown costume-Mascots-Speaker,2800,1900,,,,,,,,,,
309,,5022,SIGNPLUS,QTN2206202403,Helvin,22/06/2024,,Helvin,,309-SIGNPLUS5022-QTN2206202403-Helvin45465,PRICE HANGING ROD For SPAR 03 Mall,,3000,,,,,,,,,,
310,,5080,Al waraq,"EST/101455,EST/101409-R1",Helvin,24/06/2024,,Helvin,,"310-Al waraq5080-EST/101455,EST/101409-R1-Helvin45467",SPAR DOOR HANGER-(Sparoo Express Delivery) PRINT TOGETHER,,,,675,675,675,675,,,,,
311,,5081,SPOT Media ,71062/118,Helvin,23/06/2024,,Helvin,,311-SPOT Media 5081-71062/118-Helvin45466,DIVIDER /BUTCHERY STAND BRANDING,1472,,,,,,,,,,,
312,,5082,Margins,MTS - 2024 - 0170,Helvin,24/06/2024,,Helvin,,312-Margins5082-MTS - 2024 - 0170-Helvin45467,Printing Of Label Sticker 6cm Diameter Matt Sticker ,1925,,,,,,,,,,,
313,,5083,Margins,MTS - 2024 - 0171,Helvin,24/06/2024,,Helvin,,313-Margins5083-MTS - 2024 - 0171-Helvin45467,Meeting Room Branding,5000,,,,,,,,,,,
314,,5084,BRQIA INTERNET SERVICES,BRQ000026062024,Helvin,26/06/2024,,Helvin,,314-BRQIA INTERNET SERVICES5084-BRQ000026062024-Helvin45469,BUSINESS SMS SERVICES,,,,,,,,,4000,,,
315,,5085,SPOT Media ,71075/118,Helvin,24/06/2024,,Helvin,,315-SPOT Media 5085-71075/118-Helvin45467,WOBBLERS,,,,,,,,,2750,,,
316,,5110,SPOT Media ,71088/118,Helvin,24/06/2024,,Helvin,,316-SPOT Media 5110-71088/118-Helvin45467,,,,,,,,,,,,,
317,,5111,SPOT Media ,71092/118,Helvin,27/06/2024,,Helvin,,317-SPOT Media 5111-71092/118-Helvin45470,,,,,,,,,,,,,
318,,5112,Margins,MTS - 2024 - 0172,Helvin,04/07/2024,,Helvin,,318-Margins5112-MTS - 2024 - 0172-Helvin45477,Printing of Freezer Sticker / Foam Board for Buchery,770,,,,,,,,,,,
319,,5113,Royal Glamour Events,69,Helvin,30/06/2024,,Helvin,,319-Royal Glamour Events5113-69-Helvin45473,"Creation of one Reel with Australian
Influencer: Rachel Morris",4000,,,,,,,,,,,
320,,5114,Margins,MTS - 2024 - 0174,Helvin,04/07/2024,,Helvin,,320-Margins5114-MTS - 2024 - 0174-Helvin45477,Tawar Mall Meeting Room with Installation,900,1750,,,,,,,,,,
321,,5115,Margins,MTS - 2024 - 0177,Helvin,16/07/2024,,Helvin,,321-Margins5115-MTS - 2024 - 0177-Helvin45489,Printing of ( Buy 2 get 1 free Tag),,,,,,,,,800,,,
322,,5116,Margins,MTS - 2024 - 0180,Helvin,23/07/2024,,Helvin,,322-Margins5116-MTS - 2024 - 0180-Helvin45496,Printing of Dangler Banner,570,570,,,,,,,,,,
323,,5117,Margins,MTS - 2024 - 0181,Helvin,23/07/2024,,Helvin,,323-Margins5117-MTS - 2024 - 0181-Helvin45496,Supply of promotional stable with branding,,,,,,,,,1800,,,
324,,5118,CITY MEDIA ,QT 0155,Helvin,03/08/2024,,Helvin,,324-CITY MEDIA 5118-QT 0155-Helvin45507,DIGITAL PRINTING ON PVC BANNER FOR SPECIAL OFFER,2304,,,,,,,,,,,
325,,5119,Margins,MTS - 2024 - 0199,Helvin,13/08/2024,,Helvin,,325-Margins5119-MTS - 2024 - 0199-Helvin45517,Supply of promotional stable with branding,900,900,,,,,,,,,,
326,,5159,Margins,MTS - 2024 - 0200,Helvin,13/08/2024,,Helvin,,326-Margins5159-MTS - 2024 - 0200-Helvin45517,Branding of Vegetable Scale counter,"1,580",,,,,,,,,,,
327,,5160,Margins,MTS - 2024 - 0203,Helvin,15/08/2024,,Helvin,,327-Margins5160-MTS - 2024 - 0203-Helvin45519,Printing of coloring shee,650,,,,,,,,,,,
328,,5161,Margins,MTS - 2024 - 0205,Helvin,18/08/2024,,Helvin,,328-Margins5161-MTS - 2024 - 0205-Helvin45522,Printing of sticker mounted on foam board 10mm back to,200,,,,,,,,,,,
329,,5162,Margins,MTS - 2024 - 0209,Helvin,26/08/2024,,Helvin,,329-Margins5162-MTS - 2024 - 0209-Helvin45530,Floor sticker with floor lamination,520,,,,,,,,,,,
330,,5163,Margins, MTS - 2024 - 0214,Helvin,27/08/2024,,Helvin,,330-Margins5163- MTS - 2024 - 0214-Helvin45531,Installation Fees,500,,,,,,,,,,,
331,,5164,Margins,MTS - 2024 - 0208,Helvin,21/08/2024,,Helvin,,331-Margins5164-MTS - 2024 - 0208-Helvin45525,Sticker foam board  For Vegetable Tables,1250,,,,,,,,,,,
332,,5165,Margins,MTS-2024-0234,Helvin,18/09/2024,,Helvin,,332-Margins5165-MTS-2024-0234-Helvin45553, black sticker on fridge full,250,,,,,,,,,,,
333,,5166,Margins,MTS-2024-0249,Helvin,28/09/2024,,Helvin,,333-Margins5166-MTS-2024-0249-Helvin45563,Stand Foam Board South African Heritage Day/Printing of Center Piece,2045,,,,,,,,,,,
334,,5167,Orizon Production Studio,1909,Helvin,21/09/2024,,Helvin,,334-Orizon Production Studio5167-1909-Helvin45556, Videos for South African Campain,2500,,,,,,,,,,,
335,,5168,Margins,MTS-2024-0245,Helvin,28/09/2024,,Helvin,,335-Margins5168-MTS-2024-0245-Helvin45563,Flags -Printing- Banner ,3220,,,,,,,,,,,
336,,5242,Margins,MTS-2024-0246,Helvin,26/09/2024,,Helvin,,336-Margins5242-MTS-2024-0246-Helvin45561,Free Stand Foam BoardB-Square Mall,,,400,,,,,,,,,
337,,5243,Margins,MTS-2024-0244,Helvin,26/09/2024,,Helvin,,337-Margins5243-MTS-2024-0244-Helvin45561,South African Heritage Day Printing of Wrest Band,1275,,,,,,,,,,,
338,,5244,TOP PRINTERS,Q24-AS-106-R0,Helvin,10/10/2024,,Helvin,,338-TOP PRINTERS5244-Q24-AS-106-R0-Helvin45575,Artmatt 100 gsm - A4 Size,1000,,,,,,,,,,,
339,,5245,SPOT Media ,71875/118,Helvin,09-Oct,,Helvin,,339-SPOT Media 5245-71875/118-Helvin45574,STICKER&DIVIDER&DIVIDER,2800,,,,,,,,,,,
340,,5246,CITY MEDIA ,QT 0190,Helvin,12-Oct,,Helvin,,340-CITY MEDIA 5246-QT 0190-Helvin45577,"PRINTING DANGLER FOR PROMOTION/
PRINTING ON BANNER FOR PROMO PRINTING DANGLER/
PRINTING SHELF TALKER",1850,,,,,,,,,,,
341,,5267,BRQIA INTERNET SERVICES,BRQ000013102024,Helvin,13-Oct,,Helvin,,341-BRQIA INTERNET SERVICES5267-BRQIA INTERNET SERVICES-Helvin45578,BUSINESS SMS SERVICES,4000,,,,,,,,,,,
342,,5268,DEEP Event & Prodution,83,Helvin,03-Nov,,Helvin,,342-DEEP Event & Prodution5268-83-Helvin45599,Recording 10 videos for the competition & 3 Highilts Video,,,,,,,,,11000,,,
343,,5269,SPOT Media ,72094/118,Helvin,06-Nov,,Helvin,,343-SPOT Media 5269-72094/118-Helvin45602,DIVIDER for Bakery SA&Philpino,405,,,,,,,,,,,
344,,5270,al sharq ,109,Helvin,30-Oct,,Helvin,,344-al sharq 5270-109-Helvin45595,Extra Coupons Of Al Sharq Shopping Festival,,,,,,,,,3500,,,
345,,5271,Margins,MTS-2024-0324Rev.1,Helvin,09/11/2024,,Helvin,,345-Margins5271-MTS-2024-0324Rev.1-Helvin45605,Printing Danglers For Shopping festival & SPAR Anniversary 7th,,,,,,,,,3960,,,
346,,5295,Margins,MTS-2024-0358,Helvin,11/11/2024,,Helvin,,346-Margins5295-MTS-2024-0358-Helvin45607,AL Mana Exterior Branding Sticker,,,,4784,,,,,,,,
347,,5296,al sharq ,110,Helvin,13/11/2024,,Helvin,,347-al sharq 5296-110-Helvin45609,Extra Coupons Of Al Sharq Shopping Festival,,,,,,,,,4900,,,
348,,5297,TOP PRINTERS,Q24-CC-134-R0,Helvin,18/11/2024,,Helvin,,348-TOP PRINTERS5297-Q24-CC-134-R0-Helvin45614,Printing Price tag Size - A4 for SPAR Anniversary 7,,,,,,,,,900,,,
349,,5298,Al waraq,EST/101455-R1,Helvin,18/11/2024,,Helvin,,349-Al waraq5298-EST/101455-R1-Helvin45614,Printing SPAR DOOR HANGER-(Sparoo Express Delivery),,,,462.5,462.5,462.5,462.5,,,,,
350,,5299,Margins,MTS-2024-0376,Helvin,19/11/2024,,Helvin,,350-Margins5299-MTS-2024-0376-Helvin45615,Printing of Trolley Card,1000,,,,,,,,,,,
351,,5307,Al waraq,EST/101455-R1,Helvin,20/11/2024,,Helvin,,351-Al waraq5307-EST/101455-R1-Helvin45616,Leaflet print ,,,,,,,,,1100,,,
352,,5308,al sharq ,180,Helvin,28/11/2024,,Helvin,,352-al sharq 5308-180-Helvin45624,Extra Coupons Of Al Sharq Shopping Festival,,,,,,,,,3500,,,
353,,5309,SPOT Media ,72310/118,Helvin,26/11/2024,,Helvin,,353-SPOT Media 5309-72310/118-Helvin45622,SPIN WHEEL  Size : 150cm Wheel: Size : 80cm Dia,1950,,,,,,,,,,,
354,,5310,CITY MEDIA ,QT 0197,Helvin,28/11/2024,,Helvin,,354-CITY MEDIA 5310-QT 0197-Helvin45624,DIGITAL PRINTING ON PVC BANNER FOR SPECIAL OFFER,"1,239.50",1239.5,,,,,,,,,,
355,,5311,CITY MEDIA ,QT 0196,Helvin,02/12/2024,,Helvin,,355-CITY MEDIA 5311-QT 0196-Helvin45628,Printing Super Tuesday  DANGLER + Chilled Bakery ,1165,,,,,,,,,,,
356,,5330,GULF Publishing,578,Helvin,03/12/2024,,Helvin,,356-GULF Publishing5330-578-Helvin45629,Visit SPAR International to SPAR Qatar,,,,,,,,,2500,,,
357,,5331,SPOT Media ,72346/118,Helvin,05/12/2024,,Helvin,,357-SPOT Media 5331-72346/118-Helvin45631,Printing VOUCHERs for HMR,432,,,,,,,,,,,
358,,5332,CITY MEDIA ,QT 0202,Helvin,05/12/2024,,Helvin,,358-CITY MEDIA 5332-QT 0202-Helvin45631,"DIVIDER Tunesian & Korean, Indian  90cmX20cm Products",450,,,,,,,,,,,
359,,5333,al sharq ,185,Helvin,11/12/2024,,Helvin,,359-al sharq 5333-185-Helvin45637,Extra Coupons Of Al Sharq Shopping Festival,,,,,,,,,3500,,,
360,,5334,Margins,MTS-2024-0427,Helvin,23/12/2024,,Helvin,,360-Margins5334-MTS-2024-0427-Helvin45649,Printing Banner 100K - Installation and removal of Spar flags - Printing of Cheque 100K,1280,,,,,,,,,,,
361,,5363,Margins,MTS-2024-0440Rev.1,Helvin,02/01/2025,,Helvin,,361-Margins5363-MTS-2024-0440Rev.1-Helvin45659,TAG Price A4 Paper Printing,,,,,,,,,1850,,,
362,,5364,Margins,MTS-2025-0012,Helvin,09/01/2025,,Helvin,,362-Margins5364-MTS-2025-0012-Helvin45666,TAG Price A4 Paper Printing Green + Card,1850,,,,,,,,,,,
363,,5365,Margins,MTS-2025-0019Rev.1,Helvin,16/01/2025,,Helvin,,363-Margins5365-MTS-2025-0019Rev.1-Helvin45673,Installation and removal of Spar flags at sustainability week,,,,,,,,,500,,,
364,,5366,Al waraq,"EST/101455,EST/101409-R2",shazni ,02/02/2025,,shazni ,,"364-Al waraq5366-EST/101455,EST/101409-R2-shazni 45690",Printing SPAR DOOR HANGER-(Sparoo Express Delivery),,,,675,675,675,675,,,,,
365,,5367,SPOT Media ,72788/118,shazni ,16/02/2025,,shazni ,,365-SPOT Media 5367-72788/118-shazni 45704,STICKER REMOVAL External Galss: PORT ARABIA,,,,,450,,,,,,,
366,,5434,Al waraq,EST/110871,shazni ,18/02/2025,,shazni ,,366-Al waraq5434-EST/110871-shazni 45706,SPAR Ramadan COLORING BOOK ,,,,,,,,,2155,,,
367,,5435,Margins,MTS-2025-0057,shazni ,23/02/2025,,shazni ,,367-Margins5435-MTS-2025-0057-shazni 45711,Branding for Ramadan 2025,,,,,,,,,7900,,,
368,,5436,Margins,MTS-2025-0048,shazni ,23/02/2025,,shazni ,,368-Margins5436-MTS-2025-0048-shazni 45711,Branding for Qatari Products 2025,,,,,,,,,2400,,,
369,,5437,Al waraq,"EST/111216,EST/111214,EST/111212",Helvin,25/02/2025,,Helvin,,"369-Al waraq5437-EST/111216,EST/111214,EST/111212-Helvin45713",SPAR RAMADAN Voucher QATAR Charity,,,,,,,,,2600,,,
370,,5438,SPOT Media ,72694/118,Helvin,20/01/2025,,Helvin,,370-SPOT Media 5438-72694/118-Helvin45677,HANGING ACRYLIC,,2970,,,,,,,,,,
371,,5439,SPOT Media ,72843/118,Helvin,15/02/2025,,Helvin,,371-SPOT Media 5439-72843/118-Helvin45703,SHELF CHECK OUT MACHINE BRANDING ( HMR ),180,,,,,,,,,,,
372,,5440,Margins,MTS-2025-0061,Helvin,24/02/2025,,Helvin,,372-Margins5440-MTS-2025-0061-Helvin45712,Printing for Qatari Products ,,,,,,,,,2750,,,
373,,5441,Margins,MTS-2025-0069,Helvin,26/02/2025,,Helvin,, 373-Margins5441-MTS-2025-0069-Helvin45714,Ramadan Character,2100,,,,,,,,,2140,,
374,,5442,Margins,MTS-2025-0074,Helvin,02/03/2025,,Helvin,,374-Margins5442-MTS-2025-0074-Helvin45718,Installation and removal of Spar flags at Pearl,,,,,,,,,,,,
375,,5443,CITY MEDIA ,QT 0241,Helvin,08/03/2025,,Helvin,,375-CITY MEDIA 5443-QT 0241-Helvin45724,Branding for Ramadan 2025,3559,,,,,,,,,,,
376,,5477,D4D, QT24-001054,Helvin,18/02/2025,,Helvin,,376-D4D5477- QT24-001054-Helvin45706,Distribution of flyer,1700,1700,,,,,,,,,,
377,,5478,Margins,MTS-2025-0079Rev.2,Helvin,10/03/2025,,Helvin,,377-Margins5478-MTS-2025-0079Rev.2-Helvin45726,TAG Price A4 Paper Printing Red- Green + SPAROO  03 Card,1400,800,,,,,,,,,,
378,,5479,Best Occasion ,1028,Helvin,25-Feb,,Helvin,,378-Best Occasion 5479-1028-Helvin45713,Tamr Hendi Character,3400,,,,,,,,,,,
379,,5480,Best Occasion ,1025,Helvin,25/02/2025,,Helvin,,379-Best Occasion 5480-1025-Helvin45713,"Design Ramadan Sado branding+ Tamr Hendi Character
+ Coffee Character",9800,,,,,,,,,,,
380,,5481,DEEP Event & Prodution,83-060325-spr,Helvin,19/03/2025,,Helvin,,380-DEEP Event & Prodution5481-83-060325-spr-Helvin45735,Producing videos for Ramadan 2025,9650,,,,,,,,,,,
381,,5492,DEEP Event & Prodution,83-022325-spr_Qut,Helvin,26/03/2025,,Helvin,,381-DEEP Event & Prodution5492-83-022325-spr_Qut-Helvin45742,"Abu Sultan Presenter of The Program ""Win With SPAR""",7000,3000,,,,,,,,,,
382,,5493,Perfect Media,251032,Helvin,26/03/2025,,Helvin,,382-Perfect Media5493-251032-Helvin45742,Peinting Flyers Ramadan A4 size,9590,,,,,,,,,,,
383,,5494,Margins,MTS-2025-0099Rev.1,Helvin,02/04/2025,,Helvin,,383-Margins5494-MTS-2025-0099Rev.1-Helvin45749,Sticker with foam board with stand / A4 tag price Printing,2800,,,,800,,,,,,,
384,,5495,D4D,QT24-001078,Helvin,06/04/2025,,Helvin,,384-D4D5495-QT24-001078-Helvin45753,Distribution of flyer,5100,5100,,,,,,,,,,
385,,5496,Al waraq,EST/112722,Helvin,15/04/2025,,Helvin,,385-Al waraq5496-EST/112722-Helvin45762,SPAR 03 DOOR HANGER ,,1280,,,,,,,,,,
386,,5497,SPOT Media ,73466/118,Helvin,16/04/2025,,Helvin,,386-SPOT Media 5497-73466/118-Helvin45763,DIVIDER: SANDWICH CORNER ,760,,,,,,,,,,,
387,,5498,D4D,QT24-001092,Helvin,27/04/2025,,Helvin,,387-D4D5498-QT24-001092-Helvin45774,Distribution of flyer,5100,5100,,,,,,,,,,
388,,5499,Margins,MTS-2025-0126,Helvin,27/04/2025,,Helvin,,388-Margins5499-MTS-2025-0126-Helvin45774,Branding of bike ( SPAROO ),,,,,2600,,,,,,,
389,,5500,Al waraq,"EST/113390,EST/113379",Helvin,01/05/2025,,Helvin,,"389-Al waraq5500-EST/113390,EST/113379-Helvin45778",Sparoo Express delivery card /  DOOR HANGER,1800,1800,,,,,,,,,,
390,,5501,Perfect Media,251526,Helvin,08/05/2025,,Helvin,,390-Perfect Media5501-251526-Helvin45785,Preinting Flyers A4 size,4400,4400,,,,,,,,,,
391,,5563,SPOT Media ,73637/118,Helvin,14/05/2025,,Helvin,,391-SPOT Media 5563-73637/118-Helvin45791,Cleaning existing glue for External Glass SPAR AL MANA,,,,1338,,,,,,,,
392,,5564,AL MAHBRAH,S03571,Helvin,26/02/2025,,Helvin,,392-AL MAHBRAH5564-S03571-Helvin45714, Raffle box for Qatar charity donation SPAR Tawar Mall,500,,,,,,,,,,,
393,,5565,Margins,MTS-2025-0117,Helvin,14/04/2025,,Helvin,,393-Margins5565-MTS-2025-0117-Helvin45761,Printing of Roll-up SPAR Ice Cream,,,,,190,190,,,,,,
394,,5566,Margins,MTS-2025-0167,Helvin,03/06/2025,,Helvin,,394-Margins5566-MTS-2025-0167-Helvin45811,Printing of Coupons for Eid Al-Adha,390,390,,,,,,,,,,
395,,5567,Perfect Media,54876,Helvin,05/05/2025,,Helvin,,395-Perfect Media5567-54876-Helvin45782,Preinting Flyers A4 size - Printing Tag Price A4,1700,1700,,,,,,,,,,
396,,5568,al sharq ,37458,Helvin,30/10/2024,,Helvin,,396-al sharq 5568-37458-Helvin45595,Visit SPAR International to SPAR Qatar,,,,,,,,,2500,,,
397,,5569,Margins,MTS-2025-0179,Helvin,06/17/2025,,Helvin,,397-Margins5569-MTS-2025-0179-Helvin06/17/2025,Banners and branding stickers,4880,,,,,,,,,,,
398,,5570,CITY MEDIA ,QT 0237,Helvin,06/18/2025,,Helvin,,398-CITY MEDIA 5570-QT 0237-Helvin06/18/2025,Super Tuesday branding ,1015,,,,,,,,,,,
399,,5571,CITY MEDIA ,QT 0238,Helvin,06/18/2025,,Helvin,,399-CITY MEDIA 5571-QT 0238-Helvin06/18/2025,"Hanging signage, display and branding ",625,,,,,,,,,,,
400,,5572,CITY MEDIA ,Qt 0229,Helvin,06/04/2025,,Helvin,,400-CITY MEDIA 5572-Qt 0229-Helvin45753,,4687,,,,,,,,,,,
401,,5645,Business Class,QT 99825,Helvin,30/04/2025,,Helvin,,401-Business Class5645-QT 99825-Helvin45777,Advertising services for social media platforms,2500,,,,,,,,,,,
402,,5646,CITY MEDIA ,QT 0243,Helvin,07/08/2025,,Helvin,,402-CITY MEDIA 5646-QT 0243-Helvin45876,Wrapping veggetable basket and printed frosting on glass wall,1400,,,,1250,,,,,,,
403,,5647,Perfect Media,Q251009,Helvin,17/07/2025,,Helvin,,403-Perfect Media5647-251009-Helvin45855,P105 flyer A4 tag price,1300,,,,,,,,,,,
404,,5648,CITY MEDIA ,QT 0234,Helvin,07/02/2025,,Helvin,,404-CITY MEDIA 5648-QT 0234-Helvin45695,Printed frosting on glass wall for logo,,,,,,,,,,,,
405,,5649,BRQIA INTERNET SERVICES,BRQ000022072025,Helvin,22/07/2025,,Helvin,,405-BRQIA INTERNET SERVICES5649-BRQ000022072025-Helvin45860,Business SMS services,,,,,,,,,4000,,,
406,,5650,Margins,MTS-2025-0229,Helvin,24/08/2025,,Helvin,,406-Margins5650-MTS-2025-0229-Helvin45893,Stickers for Back to School ,750,,,,,,,,,,,
407,,5651,Margins,MTS-2025-0237,Helvin,08/25/2025,,Helvin,,407-Margins5651-MTS-2025-0237-Helvin08/25/2025,Material art matt and printing ,,,,,,,,,1550,,,
408,,5652,Margins,MTS-2025-0254,Helvin,09/04/2025,,Helvin,,408-Margins5652-MTS-2025-0254-Helvin45756,spar trolley Sticker with matt Lamination print & cut with installation,1600,,,,,,,,,,,
409,,5653,Margins,MTS-2025-0271,Helvin,14/09/2025,,Helvin,,409-Margins5653-MTS-2025-0271-Helvin45914,stickers,,,,,1600,,,,,,,
410,,5654,Perfect Media,Q251349,Helvin,21/09/2025,,Helvin,,410-Perfect Media5654-Q251349-Helvin45921,Preinting Flyers A4 size - Printing Tag Price A4,1300,,,,,,,,1800,,,
411,,5757,Perfect Media,QT-251450,Helvin,01/10/2025,,Helvin,,411-Perfect Media5757-QT-251450-Helvin45931,Preinting Flyers A4 size,,,,,,,,,1800,,,
412,,5758,Perfect Media,QT-251400,Helvin,07/10/2025,,Helvin,,412-Perfect Media5758-QT-251400-Helvin45937,Printing Label Sticker Roll ,,,,,,,,,4800,,,
413,,5759,Perfect Media,QT-251451,Helvin,08/10/2025,,Helvin,,413-Perfect Media5759-QT-251451-Helvin45938,Printing SPAR DOOR HANGER-(Sparoo Express Delivery),,,,,,,,,5000,,,
414,,5760,CITY MEDIA ,QT 0309,Helvin,16/10/2025,,Helvin,,414-CITY MEDIA 5760-QT 0309-Helvin45946,Super Tuesday branding ,1000,905,,,,,,,,,,
415,,5761,CITY MEDIA ,QT 0310,Helvin,16/10/2025,,Helvin,,415-CITY MEDIA 5761-QT 0310-Helvin45946,Branding Podium 5-10-15 Tawar mall,700,,,,,,,,,,,
416,,5803,Margins,MTS-2025-0350Rev.1,Helvin,27/10/2025,,Helvin,,416-Margins5803-MTS-2025-0350Rev.1-Helvin45957, RollUp ice cream-fast track Sticker - pizza sticker - Special Offer Dangelrs,630,720,,,,,,,,,,
417,,5804,Perfect Media,Q251575,Helvin,28/10/2025,,Helvin,,417-Perfect Media5804-Q251575-Helvin45958,Preinting Flyers A4 size - Printing Door Hanger,,1500,,,,,,,1800,,,
418,,5805,BRQIA INTERNET SERVICES,BRQ000030102025,Helvin,30/10/2025,,Helvin,,418-BRQIA INTERNET SERVICES5805-BRQ000030102025-Helvin45960,BUSINESS SMS SERVICE,,,,,,,,,4000,,,
419,,5806,BRQIA INTERNET SERVICES,BRQ000018112025,Helvin,18/11/2025,,Helvin,,419-BRQIA INTERNET SERVICES5806-BRQ000018112025-Helvin45979,BUSINESS SMS SERVICE,,,,,,,,,4000,,,
420,,5807,Perfect Media,Q251629,Helvin,09/11/2025,,Helvin,,420-Perfect Media5807-Q251629-Helvin45970,Printing  A4 tag price + Anniversary 8 tag price A4,,,,,,,,,2680,,,
421,,5840,HAMAT Almaali,10750,Helvin,03/11/2025,,Helvin,,421-HAMAT Almaali5840-10750-Helvin45964,Recording 10 videos for the competition,,,,,,,,,8500,,,
422,,5841,SPOT Media ,74990/118,Helvin,16/11/2025,,Helvin,,422-SPOT Media 5841-74990/118-Helvin45977,SPIN & WIN WHEEL,1950,,,,,,,,,,,HAMAT Almaali
423,,5842,Margins,MTS-2025-0349,Helvin,27/10/2025,,Helvin,,423-Margins5842-MTS-2025-0349-Helvin45957,Printing of Business cards,,,,,,,,2700,,,,
424,,5843,Margins,MTS-2025-0464,Helvin,23/11/2025,,Helvin,,424-Margins5843-MTS-2025-0464-Helvin45984,rollup signs and stickers ,,2732,,,,,,,,,,
425,,5844,Margins,MTS-2025-0469,Helvin,23/11/2025,,Helvin,,425-Margins5844-MTS-2025-0469-Helvin45984,Poster and hanging signs ,3500,,,,,,,,,,,
426,,5845,Business Class,7048,Helvin,10/10/2025,,Helvin,,426-Business Class5845-7048-Helvin45940,Advertising services for social media platforms,,,,,,,,,3000,,,
427,,5846,Roh Alhayah,4901,Helvin,22/11/2025,,Helvin,,427-Roh Alhayah5846-4901-Helvin45983,Baloons for SPAR Anniversary 8,1600,,,,,,,,,,,
428,,5847,Margins,MTS-2025-0522,Helvin,02/12/2025,,Helvin,,428-Margins5847-MTS-2025-0522-Helvin45993,10sec - SPIN&WIN - FLAGS,5405,,,,,,,,,,,
429,,5848,Perfect Media,Q251794,Helvin,29/11/2025,,Helvin,,429-Perfect Media5848-Q251794-Helvin45990,Printing : Vouchers / Tag Price A4 / FLYER,6200,,,,,,,,,,,
430,,5849,Qatar living,Quo-01086c3q1t4,Helvin,15/12/2025,,Helvin,,430-Qatar living5849-Quo-01086c3q1t4-Helvin46006,,,,,,,,,,,,,
431,,5892,Business Class,7066,Helvin,10/11/2025,,Helvin,,431-Business Class5892-7066-Helvin45971,Advertising services for social media platforms,,,,,,,,,3000,,,
432,,5893,Margins,MTS-2025-0582,Helvin,23/12/2025,,Helvin,,432-Margins5893-MTS-2025-0582-Helvin46014,Printing Roll Up,380,,,,,,,,,,,
433,,5894,SPOT Media ,75180/118,Helvin,06/12/2025,,Helvin,,433-SPOT Media 5894-75180/118-Helvin45997,,"1,198","1,198",,,,,,,,,,
434,,5895,SPOT Media ,753062/118,Helvin,06/12/2025,,Helvin,,434-SPOT Media 5895-753062/118-Helvin45997,,341.1,341.1,,,,,,,2200,,,
435,,5896,SPOT Media ,753030 /118,Helvin,25/12/2025,,Helvin,,435-SPOT Media 5896-753030 /118-Helvin46016,,,,,,,,,,,,,
436,,5937,Margins,MTS-2026-0028,Helvin,20/01/2026,,Helvin,,436-Margins5937-MTS-2026-0028-Helvin46042,SUPER 2 Days Branding,3060,,,,,,,,,,,
437,,5938,CITY MEDIA ,QT 0373,Helvin,25/01/2026,,Helvin,,437-CITY MEDIA 5938-QT 0373-Helvin46047,PRINTING BANNER  RAMADAN Ballets + Lapel,5860,,,,,,,,,,,
438,,5939,Mnasati - Qatar,# INV-001008,Helvin,05/02/2026,,Helvin,,438-Mnasati - Qatar5939-# INV-001008-Helvin46058,SPAR  Wallet - Business,,,,,,,,,2500,,,
439,,5940,Professional ,# EST-001827,Helvin,02/02/2026,,Helvin,,439-Professional 5940-# EST-001827-Helvin46055,AI VIDEO CREATION / Event shoot,,,,,,,,,1000,,,
440,,5941,The Agency,# QT-000005,Helvin,11/02/2026,,Helvin,,440-The Agency5941-# QT-000005-Helvin46064,Photo & Video Shoot Production ,,,,,,,,,6300,,,
441,,5942,Cre8Trends,QT 2026 - 040101,Helvin,23/02/2026,,Helvin,,441-Cre8Trends5942-QT 2026 - 040101-Helvin46076,Video Shooting  Abu Sultan Ramadan,,,,,,,,,6400,,,
442,,5943,Perfect Media,QT26111,Helvin,15/01/2026,,Helvin,,442-Perfect Media5943-QT26111-Helvin46037,Printing : Vouchers / Tag Price A4 for ramadan,,,,,,,,,8100,,,
443,,5944,Margins,MTS-2026-0128,Helvin,22/02/2026,,Helvin,,443-Margins5944-MTS-2026-0128-Helvin46075,Printing Stickers & foamboard,615,,,,,,,,3400,,,
444,,5945,Margins,MTS-2026-0124,Helvin,19/02/2026,,Helvin,,444-Margins5945-MTS-2026-0124-Helvin46072,Services,,,,,,,,,3400,,,
445,,5946,Margins,MTS-2026-0042,Helvin,25/01/2026,,Helvin,,445-Margins5946-MTS-2026-0042-Helvin46047,Ramadan Dangelrs 2026,,,,,,,,,3940,,,
446,,5983,Margins,MTS-2026-0086 Rev.1,Helvin,05/03/2026,,Helvin,,446-Margins5983-MTS-2026-0086 Rev.1-Helvin46086,Printing Stickers & Branding for QQ & porto arabia,,,,,,,,,7173,,,
447,,5984,Margins,MTS-2026-0109 Rev.1,Helvin,03/03/2026,,helvin,,447-Margins5984-MTS-2026-0109 Rev.1-Helvin46084,Posters & Shelf Talker Tag from MOC for  Ramadan,,,,,,,,,3300,,,
448,,5985,Professional ,# EST-001922,Helvin,09/03/2026,,helvin,,448-Professional 5985-# EST-001922-Helvin46090,Videography and photography ,,,,,,,,,800,,,
449,,5986,Business Class,99871,Eliza,14/03/2026,,Eliza,,449-Business Class5986-99871-Eliza46095,Advertising services on social media,,,,,,,,,3000,,,
450,,5987,Perfect Media,QT26112,Helvin,06/04/2026,,helvin,,450-Perfect Media5987-QT26112-Helvin46118, Tag Price A4 Flyer for promotion ,,,,,,,,,1300,,,
451,,6046,Margins,MTS-2026-0141,Helvin,07/04/2026,,Helvin,,451-Margins6046-MTS-2026-0141-Helvin46119,Roll up for Ramadan ,190,,,,,,,,,,,
452,,6047,CITY MEDIA ,QT 0404,Helvin,07/04/2026,,Helvin,,452-CITY MEDIA 6047-QT 0404-Helvin46119,Printing New Banner Designs for Pallets ,,,,,,,,,3565,,,
453,,6048,BASMATCOM,131000,Helvin,07/04/2026,,Helvin,,453-6048-131000-Helvin46119,Video Shoots ,,,,,,,,,3200,,,
454,,6049,Qatar Advertising,2136,Eliza,09/04/2026,,Eliza,,454-Qatar Advertising6049-2136-Eliza46121,"Roll-up printing with stand,+printing sticker",,,,,235,,,,,,,
455,,6050,CITY MEDIA ,QT 0406,Eliza,09/04/2026,,Eliza,,455-CITY MEDIA 6050-QT 0406-Eliza46121,Printing New Banner Designs for Pallets ,1125,1125,,,,,,,,,,
456,,6051,,,,,,,,456-6051--,,,,,,,,,,,,,
457,,6052,,,,,,,,457-6052--,,,,,,,,,,,,,
458,,6053,,,,,,,,458-6053--,,,,,,,,,,,,,
459,,6054,,,,,,,,459-6054--,,,,,,,,,,,,,
460,,6055,,,,,,,,460-6055--,,,,,,,,,,,,,
461,,,,,,,,,,461---,,,,,,,,,,,,,
462,,,,,,,,,,462---,,,,,,,,,,,,,
463,,,,,,,,,,463---,,,,,,,,,,,,,
464,,,,,,,,,,464---,,,,,,,,,,,,,
465,,,,,,,,,,465---,,,,,,,,,,,,,
466,,,,,,,,,,466---,,,,,,,,,,,,,
467,,,,,,,,,,467---,,,,,,,,,,,,,
468,,,,,,,,,,468---,,,,,,,,,,,,,
469,,,,,,,,,,469---,,,,,,,,,,,,,
470,,,,,,,,,,470---,,,,,,,,,,,,,
471,,,,,,,,,,471---,,,,,,,,,,,,,
472,,,,,,,,,,472---,,,,,,,,,,,,,
473,,,,,,,,,,473---,,,,,,,,,,,,,
474,,,,,,,,,,474---,,,,,,,,,,,,,
475,,,,,,,,,,475---,,,,,,,,,,,,,
476,,,,,,,,,,476---,,,,,,,,,,,,,
477,,,,,,,,,,477---,,,,,,,,,,,,,
478,,,,,,,,,,478---,,,,,,,,,,,,,
479,,,,,,,,,,479---,,,,,,,,,,,,,
480,,,,,,,,,,480---,,,,,,,,,,,,,
481,,,,,,,,,,481---,,,,,,,,,,,,,
482,,,,,,,,,,482---,,,,,,,,,,,,,
483,,,,,,,,,,483---,,,,,,,,,,,,,
484,,,,,,,,,,484---,,,,,,,,,,,,,
485,,,,,,,,,,485---,,,,,,,,,,,,,
486,,,,,,,,,,486---,,,,,,,,,,,,,
487,,,,,,,,,,487---,,,,,,,,,,,,,
488,,,,,,,,,,488---,,,,,,,,,,,,,
489,,,,,,,,,,489---,,,,,,,,,,,,,
490,,,,,,,,,,490---,,,,,,,,,,,,,
491,,,,,,,,,,491---,,,,,,,,,,,,,
492,,,,,,,,,,492---,,,,,,,,,,,,,
493,,,,,,,,,,493---,,,,,,,,,,,,,
494,,,,,,,,,,494---,,,,,,,,,,,,,
495,,,,,,,,,,495---,,,,,,,,,,,,,
496,,,,,,,,,,496---,,,,,,,,,,,,,
497,,,,,,,,,,497---,,,,,,,,,,,,,
498,,,,,,,,,,498---,,,,,,,,,,,,,
,,,,,,,,,,---,,,,,,,,,,,,,
